,survived,pclass,sex,age,sibsp,parch,fare,embarked_C,embarked_Q,embarked_S
0,1,1,0,29.0,0,0,211.3375,0,0,1
1,1,1,1,0.9167,1,2,151.55,0,0,1
2,0,1,0,2.0,1,2,151.55,0,0,1
3,0,1,1,30.0,1,2,151.55,0,0,1
4,0,1,0,25.0,1,2,151.55,0,0,1
5,1,1,1,48.0,0,0,26.55,0,0,1
6,1,1,0,63.0,1,0,77.9583,0,0,1
7,0,1,1,39.0,0,0,0.0,0,0,1
8,1,1,0,53.0,2,0,51.4792,0,0,1
9,0,1,1,71.0,0,0,49.5042,1,0,0
10,0,1,1,47.0,1,0,227.525,1,0,0
11,1,1,0,18.0,1,0,227.525,1,0,0
12,1,1,0,24.0,0,0,69.3,1,0,0
13,1,1,0,26.0,0,0,78.85,0,0,1
14,1,1,1,80.0,0,0,30.0,0,0,1
15,0,1,1,29.8811345124283,0,0,25.925,0,0,1
16,0,1,1,24.0,0,1,247.5208,1,0,0
17,1,1,0,50.0,0,1,247.5208,1,0,0
18,1,1,0,32.0,0,0,76.2917,1,0,0
19,0,1,1,36.0,0,0,75.2417,1,0,0
20,1,1,1,37.0,1,1,52.5542,0,0,1
21,1,1,0,47.0,1,1,52.5542,0,0,1
22,1,1,1,26.0,0,0,30.0,1,0,0
23,1,1,0,42.0,0,0,227.525,1,0,0
24,1,1,0,29.0,0,0,221.7792,0,0,1
25,0,1,1,25.0,0,0,26.0,1,0,0
26,1,1,1,25.0,1,0,91.0792,1,0,0
27,1,1,0,19.0,1,0,91.0792,1,0,0
28,1,1,0,35.0,0,0,135.6333,0,0,1
29,1,1,1,28.0,0,0,26.55,0,0,1
30,0,1,1,45.0,0,0,35.5,0,0,1
31,1,1,1,40.0,0,0,31.0,1,0,0
32,1,1,0,30.0,0,0,164.8667,0,0,1
33,1,1,0,58.0,0,0,26.55,0,0,1
34,0,1,1,42.0,0,0,26.55,0,0,1
35,1,1,0,45.0,0,0,262.375,1,0,0
36,1,1,0,22.0,0,1,55.0,0,0,1
37,1,1,1,29.8811345124283,0,0,26.55,0,0,1
38,0,1,1,41.0,0,0,30.5,0,0,1
39,0,1,1,48.0,0,0,50.4958,1,0,0
40,0,1,1,29.8811345124283,0,0,39.6,1,0,0
41,1,1,0,44.0,0,0,27.7208,1,0,0
42,1,1,0,59.0,2,0,51.4792,0,0,1
43,1,1,0,60.0,0,0,76.2917,1,0,0
44,1,1,0,41.0,0,0,134.5,1,0,0
45,0,1,1,45.0,0,0,26.55,0,0,1
46,0,1,1,29.8811345124283,0,0,31.0,0,0,1
47,1,1,1,42.0,0,0,26.2875,0,0,1
48,1,1,0,53.0,0,0,27.4458,1,0,0
49,1,1,1,36.0,0,1,512.3292,1,0,0
50,1,1,0,58.0,0,1,512.3292,1,0,0
51,0,1,1,33.0,0,0,5.0,0,0,1
52,0,1,1,28.0,0,0,47.1,0,0,1
53,0,1,1,17.0,0,0,47.1,0,0,1
54,1,1,1,11.0,1,2,120.0,0,0,1
55,1,1,0,14.0,1,2,120.0,0,0,1
56,1,1,1,36.0,1,2,120.0,0,0,1
57,1,1,0,36.0,1,2,120.0,0,0,1
58,0,1,1,49.0,0,0,26.0,0,0,1
59,1,1,0,29.8811345124283,0,0,27.7208,1,0,0
60,0,1,1,36.0,1,0,78.85,0,0,1
61,1,1,0,76.0,1,0,78.85,0,0,1
62,0,1,1,46.0,1,0,61.175,0,0,1
63,1,1,0,47.0,1,0,61.175,0,0,1
64,1,1,1,27.0,1,0,53.1,0,0,1
65,1,1,0,33.0,1,0,53.1,0,0,1
66,1,1,0,36.0,0,0,262.375,1,0,0
67,1,1,0,30.0,0,0,86.5,0,0,1
68,1,1,1,45.0,0,0,29.7,1,0,0
69,1,1,0,29.8811345124283,0,1,55.0,0,0,1
70,0,1,1,29.8811345124283,0,0,0.0,0,0,1
71,0,1,1,27.0,1,0,136.7792,1,0,0
72,1,1,0,26.0,1,0,136.7792,1,0,0
73,1,1,0,22.0,0,0,151.55,0,0,1
74,0,1,1,29.8811345124283,0,0,52.0,0,0,1
75,0,1,1,47.0,0,0,25.5875,0,0,1
76,1,1,0,39.0,1,1,83.1583,1,0,0
77,0,1,1,37.0,1,1,83.1583,1,0,0
78,1,1,0,64.0,0,2,83.1583,1,0,0
79,1,1,0,55.0,2,0,25.7,0,0,1
80,0,1,1,29.8811345124283,0,0,26.55,0,0,1
81,0,1,1,70.0,1,1,71.0,0,0,1
82,1,1,0,36.0,0,2,71.0,0,0,1
83,1,1,0,64.0,1,1,26.55,0,0,1
84,0,1,1,39.0,1,0,71.2833,1,0,0
85,1,1,0,38.0,1,0,71.2833,1,0,0
86,1,1,1,51.0,0,0,26.55,0,0,1
87,1,1,1,27.0,0,0,30.5,0,0,1
88,1,1,0,33.0,0,0,151.55,0,0,1
89,0,1,1,31.0,1,0,52.0,0,0,1
90,1,1,0,27.0,1,2,52.0,0,0,1
91,1,1,1,31.0,1,0,57.0,0,0,1
92,1,1,0,17.0,1,0,57.0,0,0,1
93,1,1,1,53.0,1,1,81.8583,0,0,1
94,1,1,1,4.0,0,2,81.8583,0,0,1
95,1,1,0,54.0,1,1,81.8583,0,0,1
96,0,1,1,50.0,1,0,106.425,1,0,0
97,1,1,0,27.0,1,1,247.5208,1,0,0
98,1,1,0,48.0,1,0,106.425,1,0,0
99,1,1,0,48.0,1,0,39.6,1,0,0
100,1,1,1,49.0,1,0,56.9292,1,0,0
101,0,1,1,39.0,0,0,29.7,1,0,0
102,1,1,0,23.0,0,1,83.1583,1,0,0
103,1,1,0,38.0,0,0,227.525,1,0,0
104,1,1,0,54.0,1,0,78.2667,1,0,0
105,0,1,0,36.0,0,0,31.6792,1,0,0
106,0,1,1,29.8811345124283,0,0,221.7792,0,0,1
107,1,1,0,29.8811345124283,0,0,31.6833,0,0,1
108,1,1,0,29.8811345124283,0,0,110.8833,1,0,0
109,1,1,1,36.0,0,0,26.3875,0,0,1
110,0,1,1,30.0,0,0,27.75,1,0,0
111,1,1,0,24.0,3,2,263.0,0,0,1
112,1,1,0,28.0,3,2,263.0,0,0,1
113,1,1,0,23.0,3,2,263.0,0,0,1
114,0,1,1,19.0,3,2,263.0,0,0,1
115,0,1,1,64.0,1,4,263.0,0,0,1
116,1,1,0,60.0,1,4,263.0,0,0,1
117,1,1,0,30.0,0,0,56.9292,1,0,0
118,0,1,1,29.8811345124283,0,0,26.55,0,0,1
119,1,1,1,50.0,2,0,133.65,0,0,1
120,1,1,1,43.0,1,0,27.7208,1,0,0
121,1,1,0,29.8811345124283,1,0,133.65,0,0,1
122,1,1,0,22.0,0,2,49.5,1,0,0
123,1,1,1,60.0,1,1,79.2,1,0,0
124,1,1,0,48.0,1,1,79.2,1,0,0
125,0,1,1,29.8811345124283,0,0,0.0,0,0,1
126,0,1,1,37.0,1,0,53.1,0,0,1
127,1,1,0,35.0,1,0,53.1,0,0,1
128,0,1,1,47.0,0,0,38.5,0,0,1
129,1,1,0,35.0,0,0,211.5,1,0,0
130,1,1,0,22.0,0,1,59.4,1,0,0
131,1,1,0,45.0,0,1,59.4,1,0,0
132,0,1,1,24.0,0,0,79.2,1,0,0
133,1,1,1,49.0,1,0,89.1042,1,0,0
134,1,1,0,29.8811345124283,1,0,89.1042,1,0,0
135,0,1,1,71.0,0,0,34.6542,1,0,0
136,1,1,1,53.0,0,0,28.5,1,0,0
137,1,1,0,19.0,0,0,30.0,0,0,1
138,0,1,1,38.0,0,1,153.4625,0,0,1
139,1,1,0,58.0,0,1,153.4625,0,0,1
140,1,1,1,23.0,0,1,63.3583,1,0,0
141,1,1,0,45.0,0,1,63.3583,1,0,0
142,0,1,1,46.0,0,0,79.2,1,0,0
143,1,1,1,25.0,1,0,55.4417,1,0,0
144,1,1,0,25.0,1,0,55.4417,1,0,0
145,1,1,1,48.0,1,0,76.7292,1,0,0
146,1,1,0,49.0,1,0,76.7292,1,0,0
147,0,1,1,29.8811345124283,0,0,42.4,0,0,1
148,0,1,1,45.0,1,0,83.475,0,0,1
149,1,1,0,35.0,1,0,83.475,0,0,1
150,0,1,1,40.0,0,0,0.0,0,0,1
151,1,1,1,27.0,0,0,76.7292,1,0,0
152,1,1,1,29.8811345124283,0,0,30.0,0,0,1
153,1,1,0,24.0,0,0,83.1583,1,0,0
154,0,1,1,55.0,1,1,93.5,0,0,1
155,1,1,0,52.0,1,1,93.5,0,0,1
156,0,1,1,42.0,0,0,42.5,0,0,1
157,0,1,1,29.8811345124283,0,0,51.8625,0,0,1
158,0,1,1,55.0,0,0,50.0,0,0,1
159,1,1,0,16.0,0,1,57.9792,1,0,0
160,1,1,0,44.0,0,1,57.9792,1,0,0
161,1,1,0,51.0,1,0,77.9583,0,0,1
162,0,1,1,42.0,1,0,52.0,0,0,1
163,1,1,0,35.0,1,0,52.0,0,0,1
164,1,1,1,35.0,0,0,26.55,1,0,0
165,1,1,1,38.0,1,0,90.0,0,0,1
166,0,1,1,29.8811345124283,0,0,30.6958,1,0,0
167,1,1,0,35.0,1,0,90.0,0,0,1
168,1,1,0,38.0,0,0,80.0,0,0,0
169,0,1,0,50.0,0,0,28.7125,1,0,0
170,1,1,1,49.0,0,0,0.0,0,0,1
171,0,1,1,46.0,0,0,26.0,0,0,1
172,0,1,1,50.0,0,0,26.0,0,0,1
173,0,1,1,32.5,0,0,211.5,1,0,0
174,0,1,1,58.0,0,0,29.7,1,0,0
175,0,1,1,41.0,1,0,51.8625,0,0,1
176,1,1,0,29.8811345124283,1,0,51.8625,0,0,1
177,1,1,1,42.0,1,0,52.5542,0,0,1
178,1,1,0,45.0,1,0,52.5542,0,0,1
179,0,1,1,29.8811345124283,0,0,26.55,0,0,1
180,1,1,0,39.0,0,0,211.3375,0,0,1
181,1,1,0,49.0,0,0,25.9292,0,0,1
182,1,1,0,30.0,0,0,106.425,1,0,0
183,1,1,1,35.0,0,0,512.3292,1,0,0
184,0,1,1,29.8811345124283,0,0,27.7208,1,0,0
185,0,1,1,42.0,0,0,26.55,0,0,1
186,1,1,0,55.0,0,0,27.7208,1,0,0
187,1,1,0,16.0,0,1,39.4,0,0,1
188,1,1,0,51.0,0,1,39.4,0,0,1
189,0,1,1,29.0,0,0,30.0,0,0,1
190,1,1,0,21.0,0,0,77.9583,0,0,1
191,0,1,1,30.0,0,0,45.5,0,0,1
192,1,1,0,58.0,0,0,146.5208,1,0,0
193,1,1,0,15.0,0,1,211.3375,0,0,1
194,0,1,1,30.0,0,0,26.0,0,0,1
195,1,1,0,16.0,0,0,86.5,0,0,1
196,1,1,1,29.8811345124283,0,0,29.7,1,0,0
197,0,1,1,19.0,1,0,53.1,0,0,1
198,1,1,0,18.0,1,0,53.1,0,0,1
199,1,1,0,24.0,0,0,49.5042,1,0,0
200,0,1,1,46.0,0,0,75.2417,1,0,0
201,0,1,1,54.0,0,0,51.8625,0,0,1
202,1,1,1,36.0,0,0,26.2875,0,0,1
203,0,1,1,28.0,1,0,82.1708,1,0,0
204,1,1,0,29.8811345124283,1,0,82.1708,1,0,0
205,0,1,1,65.0,0,0,26.55,0,0,1
206,0,1,1,44.0,2,0,90.0,0,1,0
207,1,1,0,33.0,1,0,90.0,0,1,0
208,1,1,0,37.0,1,0,90.0,0,1,0
209,1,1,1,30.0,1,0,57.75,1,0,0
210,0,1,1,55.0,0,0,30.5,0,0,1
211,0,1,1,47.0,0,0,42.4,0,0,1
212,0,1,1,37.0,0,1,29.7,1,0,0
213,1,1,0,31.0,1,0,113.275,1,0,0
214,1,1,0,23.0,1,0,113.275,1,0,0
215,0,1,1,58.0,0,2,113.275,1,0,0
216,1,1,0,19.0,0,2,26.2833,0,0,1
217,0,1,1,64.0,0,0,26.0,0,0,1
218,1,1,0,39.0,0,0,108.9,1,0,0
219,1,1,1,29.8811345124283,0,0,25.7417,1,0,0
220,1,1,0,22.0,0,1,61.9792,1,0,0
221,0,1,1,65.0,0,1,61.9792,1,0,0
222,0,1,1,28.5,0,0,27.7208,1,0,0
223,0,1,1,29.8811345124283,0,0,0.0,0,0,1
224,0,1,1,45.5,0,0,28.5,0,0,1
225,0,1,1,23.0,0,0,93.5,0,0,1
226,0,1,1,29.0,1,0,66.6,0,0,1
227,1,1,0,22.0,1,0,66.6,0,0,1
228,0,1,1,18.0,1,0,108.9,1,0,0
229,1,1,0,17.0,1,0,108.9,1,0,0
230,1,1,0,30.0,0,0,93.5,0,0,1
231,1,1,1,52.0,0,0,30.5,0,0,1
232,0,1,1,47.0,0,0,52.0,0,0,1
233,1,1,0,56.0,0,1,83.1583,1,0,0
234,0,1,1,38.0,0,0,0.0,0,0,1
235,1,1,1,29.8811345124283,0,0,39.6,0,0,1
236,0,1,1,22.0,0,0,135.6333,1,0,0
237,0,1,1,29.8811345124283,0,0,227.525,1,0,0
238,1,1,0,43.0,0,1,211.3375,0,0,1
239,0,1,1,31.0,0,0,50.4958,0,0,1
240,1,1,1,45.0,0,0,26.55,0,0,1
241,0,1,1,29.8811345124283,0,0,50.0,0,0,1
242,1,1,0,33.0,0,0,27.7208,1,0,0
243,0,1,1,46.0,0,0,79.2,1,0,0
244,0,1,1,36.0,0,0,40.125,1,0,0
245,1,1,0,33.0,0,0,86.5,0,0,1
246,0,1,1,55.0,1,0,59.4,1,0,0
247,1,1,0,54.0,1,0,59.4,1,0,0
248,0,1,1,33.0,0,0,26.55,0,0,1
249,1,1,1,13.0,2,2,262.375,1,0,0
250,1,1,0,18.0,2,2,262.375,1,0,0
251,1,1,0,21.0,2,2,262.375,1,0,0
252,0,1,1,61.0,1,3,262.375,1,0,0
253,1,1,0,48.0,1,3,262.375,1,0,0
254,1,1,1,29.8811345124283,0,0,30.5,0,0,1
255,1,1,0,24.0,0,0,69.3,1,0,0
256,1,1,1,29.8811345124283,0,0,26.0,0,0,1
257,1,1,0,35.0,1,0,57.75,1,0,0
258,1,1,0,30.0,0,0,31.0,1,0,0
259,1,1,1,34.0,0,0,26.55,0,0,1
260,1,1,0,40.0,0,0,153.4625,0,0,1
261,1,1,1,35.0,0,0,26.2875,0,0,1
262,0,1,1,50.0,1,0,55.9,0,0,1
263,1,1,0,39.0,1,0,55.9,0,0,1
264,1,1,1,56.0,0,0,35.5,1,0,0
265,1,1,1,28.0,0,0,35.5,0,0,1
266,0,1,1,56.0,0,0,26.55,0,0,1
267,0,1,1,56.0,0,0,30.6958,1,0,0
268,0,1,1,24.0,1,0,60.0,0,0,1
269,0,1,1,29.8811345124283,0,0,26.0,0,0,1
270,1,1,0,18.0,1,0,60.0,0,0,1
271,1,1,1,24.0,1,0,82.2667,0,0,1
272,1,1,0,23.0,1,0,82.2667,0,0,1
273,1,1,1,6.0,0,2,134.5,1,0,0
274,1,1,1,45.0,1,1,134.5,1,0,0
275,1,1,0,40.0,1,1,134.5,1,0,0
276,0,1,1,57.0,1,0,146.5208,1,0,0
277,1,1,0,29.8811345124283,1,0,146.5208,1,0,0
278,1,1,1,32.0,0,0,30.5,1,0,0
279,0,1,1,62.0,0,0,26.55,0,0,1
280,1,1,1,54.0,1,0,55.4417,1,0,0
281,1,1,0,43.0,1,0,55.4417,1,0,0
282,1,1,0,52.0,1,0,78.2667,1,0,0
283,0,1,1,29.8811345124283,0,0,27.7208,1,0,0
284,1,1,0,62.0,0,0,80.0,0,0,0
285,0,1,1,67.0,1,0,221.7792,0,0,1
286,0,1,0,63.0,1,0,221.7792,0,0,1
287,0,1,1,61.0,0,0,32.3208,0,0,1
288,1,1,0,48.0,0,0,25.9292,0,0,1
289,1,1,0,18.0,0,2,79.65,0,0,1
290,0,1,1,52.0,1,1,79.65,0,0,1
291,1,1,0,39.0,1,1,79.65,0,0,1
292,1,1,1,48.0,1,0,52.0,0,0,1
293,1,1,0,29.8811345124283,1,0,52.0,0,0,1
294,0,1,1,49.0,1,1,110.8833,1,0,0
295,1,1,1,17.0,0,2,110.8833,1,0,0
296,1,1,0,39.0,1,1,110.8833,1,0,0
297,1,1,0,29.8811345124283,0,0,79.2,1,0,0
298,1,1,1,31.0,0,0,28.5375,1,0,0
299,0,1,1,40.0,0,0,27.7208,1,0,0
300,0,1,1,61.0,0,0,33.5,0,0,1
301,0,1,1,47.0,0,0,34.0208,0,0,1
302,1,1,0,35.0,0,0,512.3292,1,0,0
303,0,1,1,64.0,1,0,75.25,1,0,0
304,1,1,0,60.0,1,0,75.25,1,0,0
305,0,1,1,60.0,0,0,26.55,0,0,1
306,0,1,1,54.0,0,1,77.2875,0,0,1
307,0,1,1,21.0,0,1,77.2875,0,0,1
308,1,1,0,55.0,0,0,135.6333,1,0,0
309,1,1,0,31.0,0,2,164.8667,0,0,1
310,0,1,1,57.0,1,1,164.8667,0,0,1
311,1,1,0,45.0,1,1,164.8667,0,0,1
312,0,1,1,50.0,1,1,211.5,1,0,0
313,0,1,1,27.0,0,2,211.5,1,0,0
314,1,1,0,50.0,1,1,211.5,1,0,0
315,1,1,0,21.0,0,0,26.55,0,0,1
316,0,1,1,51.0,0,1,61.3792,1,0,0
317,1,1,1,21.0,0,1,61.3792,1,0,0
318,0,1,1,29.8811345124283,0,0,35.0,0,0,1
319,1,1,0,31.0,0,0,134.5,1,0,0
320,1,1,1,29.8811345124283,0,0,35.5,0,0,1
321,0,1,1,62.0,0,0,26.55,0,0,1
322,1,1,0,36.0,0,0,135.6333,1,0,0
323,0,2,1,30.0,1,0,24.0,1,0,0
324,1,2,0,28.0,1,0,24.0,1,0,0
325,0,2,1,30.0,0,0,13.0,0,0,1
326,0,2,1,18.0,0,0,11.5,0,0,1
327,0,2,1,25.0,0,0,10.5,0,0,1
328,0,2,1,34.0,1,0,26.0,0,0,1
329,1,2,0,36.0,1,0,26.0,0,0,1
330,0,2,1,57.0,0,0,13.0,0,0,1
331,0,2,1,18.0,0,0,11.5,0,0,1
332,0,2,1,23.0,0,0,10.5,0,0,1
333,1,2,0,36.0,0,0,13.0,0,0,1
334,0,2,1,28.0,0,0,10.5,0,0,1
335,0,2,1,51.0,0,0,12.525,0,0,1
336,1,2,1,32.0,1,0,26.0,0,0,1
337,1,2,0,19.0,1,0,26.0,0,0,1
338,0,2,1,28.0,0,0,26.0,0,0,1
339,1,2,1,1.0,2,1,39.0,0,0,1
340,1,2,0,4.0,2,1,39.0,0,0,1
341,1,2,0,12.0,2,1,39.0,0,0,1
342,1,2,0,36.0,0,3,39.0,0,0,1
343,1,2,1,34.0,0,0,13.0,0,0,1
344,1,2,0,19.0,0,0,13.0,0,0,1
345,0,2,1,23.0,0,0,13.0,0,0,1
346,0,2,1,26.0,0,0,13.0,0,0,1
347,0,2,1,42.0,0,0,13.0,0,0,1
348,0,2,1,27.0,0,0,13.0,0,0,1
349,1,2,0,24.0,0,0,13.0,0,0,1
350,1,2,0,15.0,0,2,39.0,0,0,1
351,0,2,1,60.0,1,1,39.0,0,0,1
352,1,2,0,40.0,1,1,39.0,0,0,1
353,1,2,0,20.0,1,0,26.0,0,0,1
354,0,2,1,25.0,1,0,26.0,0,0,1
355,1,2,0,36.0,0,0,13.0,0,0,1
356,0,2,1,25.0,0,0,13.0,0,0,1
357,0,2,1,42.0,0,0,13.0,0,0,1
358,1,2,0,42.0,0,0,13.0,0,0,1
359,1,2,1,0.8333,0,2,29.0,0,0,1
360,1,2,1,26.0,1,1,29.0,0,0,1
361,1,2,0,22.0,1,1,29.0,0,0,1
362,1,2,0,35.0,0,0,21.0,0,0,1
363,0,2,1,29.8811345124283,0,0,0.0,0,0,1
364,0,2,1,19.0,0,0,13.0,0,0,1
365,0,2,0,44.0,1,0,26.0,0,0,1
366,0,2,1,54.0,1,0,26.0,0,0,1
367,0,2,1,52.0,0,0,13.5,0,0,1
368,0,2,1,37.0,1,0,26.0,0,0,1
369,0,2,0,29.0,1,0,26.0,0,0,1
370,1,2,0,25.0,1,1,30.0,0,0,1
371,1,2,0,45.0,0,2,30.0,0,0,1
372,0,2,1,29.0,1,0,26.0,0,0,1
373,1,2,0,28.0,1,0,26.0,0,0,1
374,0,2,1,29.0,0,0,10.5,0,0,1
375,0,2,1,28.0,0,0,13.0,0,0,1
376,1,2,1,24.0,0,0,10.5,0,0,1
377,1,2,0,8.0,0,2,26.25,0,0,1
378,0,2,1,31.0,1,1,26.25,0,0,1
379,1,2,0,31.0,1,1,26.25,0,0,1
380,1,2,0,22.0,0,0,10.5,0,0,1
381,0,2,0,30.0,0,0,13.0,0,0,1
382,0,2,0,29.8811345124283,0,0,21.0,0,0,1
383,0,2,1,21.0,0,0,11.5,0,0,1
384,0,2,1,29.8811345124283,0,0,0.0,0,0,1
385,1,2,1,8.0,1,1,36.75,0,0,1
386,0,2,1,18.0,0,0,73.5,0,0,1
387,1,2,0,48.0,0,2,36.75,0,0,1
388,1,2,0,28.0,0,0,13.0,0,0,1
389,0,2,1,32.0,0,0,13.0,0,0,1
390,0,2,1,17.0,0,0,73.5,0,0,1
391,0,2,1,29.0,1,0,27.7208,1,0,0
392,1,2,0,24.0,1,0,27.7208,1,0,0
393,0,2,1,25.0,0,0,31.5,0,0,1
394,0,2,1,18.0,0,0,73.5,0,0,1
395,1,2,0,18.0,0,1,23.0,0,0,1
396,1,2,0,34.0,0,1,23.0,0,0,1
397,0,2,1,54.0,0,0,26.0,0,0,1
398,1,2,1,8.0,0,2,32.5,0,0,1
399,0,2,1,42.0,1,1,32.5,0,0,1
400,1,2,0,34.0,1,1,32.5,0,0,1
401,1,2,0,27.0,1,0,13.8583,1,0,0
402,1,2,0,30.0,1,0,13.8583,1,0,0
403,0,2,1,23.0,0,0,13.0,0,0,1
404,0,2,1,21.0,0,0,13.0,0,0,1
405,0,2,1,18.0,0,0,13.0,0,0,1
406,0,2,1,40.0,1,0,26.0,0,0,1
407,1,2,0,29.0,1,0,26.0,0,0,1
408,0,2,1,18.0,0,0,10.5,0,0,1
409,0,2,1,36.0,0,0,13.0,0,0,1
410,0,2,1,29.8811345124283,0,0,0.0,0,0,1
411,0,2,0,38.0,0,0,13.0,0,0,1
412,0,2,1,35.0,0,0,26.0,0,0,1
413,0,2,1,38.0,1,0,21.0,0,0,1
414,0,2,1,34.0,1,0,21.0,0,0,1
415,1,2,0,34.0,0,0,13.0,0,0,1
416,0,2,1,16.0,0,0,26.0,0,0,1
417,0,2,1,26.0,0,0,10.5,0,0,1
418,0,2,1,47.0,0,0,10.5,0,0,1
419,0,2,1,21.0,1,0,11.5,0,0,1
420,0,2,1,21.0,1,0,11.5,0,0,1
421,0,2,1,24.0,0,0,13.5,0,0,1
422,0,2,1,24.0,0,0,13.0,0,0,1
423,0,2,1,34.0,0,0,13.0,0,0,1
424,0,2,1,30.0,0,0,13.0,0,0,1
425,0,2,1,52.0,0,0,13.0,0,0,1
426,0,2,1,30.0,0,0,13.0,0,0,1
427,1,2,1,0.6667,1,1,14.5,0,0,1
428,1,2,0,24.0,0,2,14.5,0,0,1
429,0,2,1,44.0,0,0,13.0,0,0,1
430,1,2,0,6.0,0,1,33.0,0,0,1
431,0,2,1,28.0,0,1,33.0,0,0,1
432,1,2,1,62.0,0,0,10.5,0,0,1
433,0,2,1,30.0,0,0,10.5,0,0,1
434,1,2,0,7.0,0,2,26.25,0,0,1
435,0,2,1,43.0,1,1,26.25,0,0,1
436,1,2,0,45.0,1,1,26.25,0,0,1
437,1,2,0,24.0,1,2,65.0,0,0,1
438,1,2,0,24.0,1,2,65.0,0,0,1
439,0,2,1,49.0,1,2,65.0,0,0,1
440,1,2,0,48.0,1,2,65.0,0,0,1
441,1,2,0,55.0,0,0,16.0,0,0,1
442,0,2,1,24.0,2,0,73.5,0,0,1
443,0,2,1,32.0,2,0,73.5,0,0,1
444,0,2,1,21.0,2,0,73.5,0,0,1
445,0,2,0,18.0,1,1,13.0,0,0,1
446,1,2,0,20.0,2,1,23.0,0,0,1
447,0,2,1,23.0,2,1,11.5,0,0,1
448,0,2,1,36.0,0,0,13.0,0,0,1
449,1,2,0,54.0,1,3,23.0,0,0,1
450,0,2,1,50.0,0,0,13.0,0,0,1
451,0,2,1,44.0,1,0,26.0,0,0,1
452,1,2,0,29.0,1,0,26.0,0,0,1
453,0,2,1,21.0,0,0,73.5,0,0,1
454,1,2,1,42.0,0,0,13.0,0,0,1
455,0,2,1,63.0,1,0,26.0,0,0,1
456,0,2,0,60.0,1,0,26.0,0,0,1
457,0,2,1,33.0,0,0,12.275,0,0,1
458,1,2,0,17.0,0,0,10.5,0,0,1
459,0,2,1,42.0,1,0,27.0,0,0,1
460,1,2,0,24.0,2,1,27.0,0,0,1
461,0,2,1,47.0,0,0,15.0,0,0,1
462,0,2,1,24.0,2,0,31.5,0,0,1
463,0,2,1,22.0,2,0,31.5,0,0,1
464,0,2,1,32.0,0,0,10.5,0,0,1
465,1,2,0,23.0,0,0,13.7917,1,0,0
466,0,2,1,34.0,1,0,26.0,0,0,1
467,1,2,0,24.0,1,0,26.0,0,0,1
468,0,2,0,22.0,0,0,21.0,0,0,1
469,1,2,0,29.8811345124283,0,0,12.35,0,1,0
470,0,2,1,35.0,0,0,12.35,0,1,0
471,1,2,0,45.0,0,0,13.5,0,0,1
472,0,2,1,57.0,0,0,12.35,0,1,0
473,0,2,1,29.8811345124283,0,0,0.0,0,0,1
474,0,2,1,31.0,0,0,10.5,0,0,1
475,0,2,0,26.0,1,1,26.0,0,0,1
476,0,2,1,30.0,1,1,26.0,0,0,1
477,0,2,1,29.8811345124283,0,0,10.7083,0,1,0
478,1,2,0,1.0,1,2,41.5792,1,0,0
479,1,2,0,3.0,1,2,41.5792,1,0,0
480,0,2,1,25.0,1,2,41.5792,1,0,0
481,1,2,0,22.0,1,2,41.5792,1,0,0
482,1,2,0,17.0,0,0,12.0,1,0,0
483,1,2,0,29.8811345124283,0,0,33.0,0,0,1
484,1,2,0,34.0,0,0,10.5,0,0,1
485,0,2,1,36.0,0,0,12.875,1,0,0
486,0,2,1,24.0,0,0,10.5,0,0,1
487,0,2,1,61.0,0,0,12.35,0,1,0
488,0,2,1,50.0,1,0,26.0,0,0,1
489,1,2,0,42.0,1,0,26.0,0,0,1
490,0,2,0,57.0,0,0,10.5,0,0,1
491,0,2,1,29.8811345124283,0,0,15.0458,1,0,0
492,1,2,1,1.0,0,2,37.0042,1,0,0
493,0,2,1,31.0,1,1,37.0042,1,0,0
494,1,2,0,24.0,1,1,37.0042,1,0,0
495,0,2,1,29.8811345124283,0,0,15.5792,1,0,0
496,0,2,1,30.0,0,0,13.0,0,0,1
497,0,2,1,40.0,0,0,16.0,0,0,1
498,0,2,1,32.0,0,0,13.5,0,0,1
499,0,2,1,30.0,0,0,13.0,0,0,1
500,0,2,1,46.0,0,0,26.0,0,0,1
501,1,2,0,13.0,0,1,19.5,0,0,1
502,1,2,0,41.0,0,1,19.5,0,0,1
503,1,2,1,19.0,0,0,10.5,0,0,1
504,0,2,1,39.0,0,0,13.0,0,0,1
505,0,2,1,48.0,0,0,13.0,0,0,1
506,0,2,1,70.0,0,0,10.5,0,0,1
507,0,2,1,27.0,0,0,13.0,0,0,1
508,0,2,1,54.0,0,0,14.0,0,0,1
509,0,2,1,39.0,0,0,26.0,0,0,1
510,0,2,1,16.0,0,0,10.5,0,0,1
511,0,2,1,62.0,0,0,9.6875,0,1,0
512,0,2,1,32.5,1,0,30.0708,1,0,0
513,1,2,0,14.0,1,0,30.0708,1,0,0
514,1,2,1,2.0,1,1,26.0,0,0,1
515,1,2,1,3.0,1,1,26.0,0,0,1
516,0,2,1,36.5,0,2,26.0,0,0,1
517,0,2,1,26.0,0,0,13.0,0,0,1
518,0,2,1,19.0,1,1,36.75,0,0,1
519,0,2,1,28.0,0,0,13.5,0,0,1
520,1,2,1,20.0,0,0,13.8625,1,0,0
521,1,2,0,29.0,0,0,10.5,0,0,1
522,0,2,1,39.0,0,0,13.0,0,0,1
523,1,2,1,22.0,0,0,10.5,0,0,1
524,1,2,1,29.8811345124283,0,0,13.8625,1,0,0
525,0,2,1,23.0,0,0,10.5,0,0,1
526,1,2,1,29.0,0,0,13.8583,1,0,0
527,0,2,1,28.0,0,0,10.5,0,0,1
528,0,2,1,29.8811345124283,0,0,0.0,0,0,1
529,1,2,0,50.0,0,1,26.0,0,0,1
530,0,2,1,19.0,0,0,10.5,0,0,1
531,0,2,1,29.8811345124283,0,0,15.05,1,0,0
532,0,2,1,41.0,0,0,13.0,0,0,1
533,1,2,0,21.0,0,1,21.0,0,0,1
534,1,2,0,19.0,0,0,26.0,0,0,1
535,0,2,1,43.0,0,1,21.0,0,0,1
536,1,2,0,32.0,0,0,13.0,0,0,1
537,0,2,1,34.0,0,0,13.0,0,0,1
538,1,2,1,30.0,0,0,12.7375,1,0,0
539,0,2,1,27.0,0,0,15.0333,1,0,0
540,1,2,0,2.0,1,1,26.0,0,0,1
541,1,2,0,8.0,1,1,26.0,0,0,1
542,1,2,0,33.0,0,2,26.0,0,0,1
543,0,2,1,36.0,0,0,10.5,0,0,1
544,0,2,1,34.0,1,0,21.0,0,0,1
545,1,2,0,30.0,3,0,21.0,0,0,1
546,1,2,0,28.0,0,0,13.0,0,0,1
547,0,2,1,23.0,0,0,15.0458,1,0,0
548,1,2,1,0.8333,1,1,18.75,0,0,1
549,1,2,1,3.0,1,1,18.75,0,0,1
550,1,2,0,24.0,2,3,18.75,0,0,1
551,1,2,0,50.0,0,0,10.5,0,0,1
552,0,2,1,19.0,0,0,10.5,0,0,1
553,1,2,0,21.0,0,0,10.5,0,0,1
554,0,2,1,26.0,0,0,13.0,0,0,1
555,0,2,1,25.0,0,0,13.0,0,0,1
556,0,2,1,27.0,0,0,26.0,0,0,1
557,1,2,0,25.0,0,1,26.0,0,0,1
558,1,2,0,18.0,0,2,13.0,0,0,1
559,1,2,0,20.0,0,0,36.75,0,0,1
560,1,2,0,30.0,0,0,13.0,0,0,1
561,0,2,1,59.0,0,0,13.5,0,0,1
562,1,2,0,30.0,0,0,12.35,0,1,0
563,0,2,1,35.0,0,0,10.5,0,0,1
564,1,2,0,40.0,0,0,13.0,0,0,1
565,0,2,1,25.0,0,0,13.0,0,0,1
566,0,2,1,41.0,0,0,15.0458,1,0,0
567,0,2,1,25.0,0,0,10.5,0,0,1
568,0,2,1,18.5,0,0,13.0,0,0,1
569,0,2,1,14.0,0,0,65.0,0,0,1
570,1,2,0,50.0,0,0,10.5,0,0,1
571,0,2,1,23.0,0,0,13.0,0,0,1
572,1,2,0,28.0,0,0,12.65,0,0,1
573,1,2,0,27.0,0,0,10.5,0,0,1
574,0,2,1,29.0,1,0,21.0,0,0,1
575,0,2,0,27.0,1,0,21.0,0,0,1
576,0,2,1,40.0,0,0,13.0,0,0,1
577,1,2,0,31.0,0,0,21.0,0,0,1
578,0,2,1,30.0,1,0,21.0,0,0,1
579,0,2,1,23.0,1,0,10.5,0,0,1
580,1,2,0,31.0,0,0,21.0,0,0,1
581,0,2,1,29.8811345124283,0,0,0.0,0,0,1
582,1,2,0,12.0,0,0,15.75,0,0,1
583,1,2,0,40.0,0,0,15.75,0,0,1
584,1,2,0,32.5,0,0,13.0,0,0,1
585,0,2,1,27.0,1,0,26.0,0,0,1
586,1,2,0,29.0,1,0,26.0,0,0,1
587,1,2,1,2.0,1,1,23.0,0,0,1
588,1,2,0,4.0,1,1,23.0,0,0,1
589,1,2,0,29.0,0,2,23.0,0,0,1
590,1,2,0,0.9167,1,2,27.75,0,0,1
591,1,2,0,5.0,1,2,27.75,0,0,1
592,0,2,1,36.0,1,2,27.75,0,0,1
593,1,2,0,33.0,1,2,27.75,0,0,1
594,0,2,1,66.0,0,0,10.5,0,0,1
595,0,2,1,29.8811345124283,0,0,12.875,0,0,1
596,1,2,1,31.0,0,0,13.0,0,0,1
597,1,2,1,29.8811345124283,0,0,13.0,0,0,1
598,1,2,0,26.0,0,0,13.5,0,0,1
599,0,2,0,24.0,0,0,13.0,0,0,1
600,0,3,1,42.0,0,0,7.55,0,0,1
601,0,3,1,13.0,0,2,20.25,0,0,1
602,0,3,1,16.0,1,1,20.25,0,0,1
603,1,3,0,35.0,1,1,20.25,0,0,1
604,1,3,0,16.0,0,0,7.65,0,0,1
605,1,3,1,25.0,0,0,7.65,0,0,1
606,1,3,1,20.0,0,0,7.925,0,0,1
607,1,3,0,18.0,0,0,7.2292,1,0,0
608,0,3,1,30.0,0,0,7.25,0,0,1
609,0,3,1,26.0,0,0,8.05,0,0,1
610,0,3,0,40.0,1,0,9.475,0,0,1
611,1,3,1,0.8333,0,1,9.35,0,0,1
612,1,3,0,18.0,0,1,9.35,0,0,1
613,1,3,1,26.0,0,0,18.7875,1,0,0
614,0,3,1,26.0,0,0,7.8875,0,0,1
615,0,3,1,20.0,0,0,7.925,0,0,1
616,0,3,1,24.0,0,0,7.05,0,0,1
617,0,3,1,25.0,0,0,7.05,0,0,1
618,0,3,1,35.0,0,0,8.05,0,0,1
619,0,3,1,18.0,0,0,8.3,0,0,1
620,0,3,1,32.0,0,0,22.525,0,0,1
621,1,3,0,19.0,1,0,7.8542,0,0,1
622,0,3,1,4.0,4,2,31.275,0,0,1
623,0,3,0,6.0,4,2,31.275,0,0,1
624,0,3,0,2.0,4,2,31.275,0,0,1
625,1,3,0,17.0,4,2,7.925,0,0,1
626,0,3,0,38.0,4,2,7.775,0,0,1
627,0,3,0,9.0,4,2,31.275,0,0,1
628,0,3,0,11.0,4,2,31.275,0,0,1
629,0,3,1,39.0,1,5,31.275,0,0,1
630,1,3,1,27.0,0,0,7.7958,0,0,1
631,0,3,1,26.0,0,0,7.775,0,0,1
632,0,3,0,39.0,1,5,31.275,0,0,1
633,0,3,1,20.0,0,0,7.8542,0,0,1
634,0,3,1,26.0,0,0,7.8958,0,0,1
635,0,3,1,25.0,1,0,17.8,0,0,1
636,0,3,0,18.0,1,0,17.8,0,0,1
637,0,3,1,24.0,0,0,7.775,0,0,1
638,0,3,1,35.0,0,0,7.05,0,0,1
639,0,3,1,5.0,4,2,31.3875,0,0,1
640,0,3,1,9.0,4,2,31.3875,0,0,1
641,1,3,1,3.0,4,2,31.3875,0,0,1
642,0,3,1,13.0,4,2,31.3875,0,0,1
643,1,3,0,5.0,4,2,31.3875,0,0,1
644,0,3,1,40.0,1,5,31.3875,0,0,1
645,1,3,1,23.0,0,0,7.7958,0,0,1
646,1,3,0,38.0,1,5,31.3875,0,0,1
647,1,3,0,45.0,0,0,7.225,1,0,0
648,0,3,1,21.0,0,0,7.225,1,0,0
649,0,3,1,23.0,0,0,7.05,0,0,1
650,0,3,0,17.0,0,0,14.4583,1,0,0
651,0,3,1,30.0,0,0,7.225,1,0,0
652,0,3,1,23.0,0,0,7.8542,0,0,1
653,1,3,0,13.0,0,0,7.2292,1,0,0
654,0,3,1,20.0,0,0,7.225,1,0,0
655,0,3,1,32.0,1,0,15.85,0,0,1
656,1,3,0,33.0,3,0,15.85,0,0,1
657,1,3,0,0.75,2,1,19.2583,1,0,0
658,1,3,0,0.75,2,1,19.2583,1,0,0
659,1,3,0,5.0,2,1,19.2583,1,0,0
660,1,3,0,24.0,0,3,19.2583,1,0,0
661,1,3,0,18.0,0,0,8.05,0,0,1
662,0,3,1,40.0,0,0,7.225,1,0,0
663,0,3,1,26.0,0,0,7.8958,0,0,1
664,1,3,1,20.0,0,0,7.2292,1,0,0
665,0,3,0,18.0,0,1,14.4542,1,0,0
666,0,3,0,45.0,0,1,14.4542,1,0,0
667,0,3,0,27.0,0,0,7.8792,0,1,0
668,0,3,1,22.0,0,0,8.05,0,0,1
669,0,3,1,19.0,0,0,8.05,0,0,1
670,0,3,1,26.0,0,0,7.775,0,0,1
671,0,3,1,22.0,0,0,9.35,0,0,1
672,0,3,1,29.8811345124283,0,0,7.2292,1,0,0
673,0,3,1,20.0,0,0,4.0125,1,0,0
674,1,3,1,32.0,0,0,56.4958,0,0,1
675,0,3,1,21.0,0,0,7.775,0,0,1
676,0,3,1,18.0,0,0,7.75,0,0,1
677,0,3,1,26.0,0,0,7.8958,0,0,1
678,0,3,1,6.0,1,1,15.2458,1,0,0
679,0,3,0,9.0,1,1,15.2458,1,0,0
680,0,3,1,29.8811345124283,0,0,7.225,1,0,0
681,0,3,0,29.8811345124283,0,2,15.2458,1,0,0
682,0,3,0,29.8811345124283,0,2,7.75,0,1,0
683,0,3,1,40.0,1,1,15.5,0,1,0
684,0,3,0,32.0,1,1,15.5,0,1,0
685,0,3,1,21.0,0,0,16.1,0,0,1
686,1,3,0,22.0,0,0,7.725,0,1,0
687,0,3,0,20.0,0,0,7.8542,0,0,1
688,0,3,1,29.0,1,0,7.0458,0,0,1
689,0,3,1,22.0,1,0,7.25,0,0,1
690,0,3,1,22.0,0,0,7.7958,0,0,1
691,0,3,1,35.0,0,0,8.05,0,0,1
692,0,3,0,18.5,0,0,7.2833,0,1,0
693,1,3,1,21.0,0,0,7.8208,0,1,0
694,0,3,1,19.0,0,0,6.75,0,1,0
695,0,3,0,18.0,0,0,7.8792,0,1,0
696,0,3,0,21.0,0,0,8.6625,0,0,1
697,0,3,0,30.0,0,0,8.6625,0,0,1
698,0,3,1,18.0,0,0,8.6625,0,0,1
699,0,3,1,38.0,0,0,8.6625,0,0,1
700,0,3,1,17.0,0,0,8.6625,0,0,1
701,0,3,1,17.0,0,0,8.6625,0,0,1
702,0,3,0,21.0,0,0,7.75,0,1,0
703,0,3,1,21.0,0,0,7.75,0,1,0
704,0,3,1,21.0,0,0,8.05,0,0,1
705,0,3,1,29.8811345124283,1,0,14.4583,1,0,0
706,0,3,0,29.8811345124283,1,0,14.4583,1,0,0
707,0,3,1,28.0,0,0,7.7958,0,0,1
708,0,3,1,24.0,0,0,7.8542,0,0,1
709,1,3,0,16.0,0,0,7.75,0,1,0
710,0,3,0,37.0,0,0,7.75,0,1,0
711,0,3,1,28.0,0,0,7.25,0,0,1
712,0,3,1,24.0,0,0,8.05,0,0,1
713,0,3,1,21.0,0,0,7.7333,0,1,0
714,1,3,1,32.0,0,0,56.4958,0,0,1
715,0,3,1,29.0,0,0,8.05,0,0,1
716,0,3,1,26.0,1,0,14.4542,1,0,0
717,0,3,1,18.0,1,0,14.4542,1,0,0
718,0,3,1,20.0,0,0,7.05,0,0,1
719,1,3,1,18.0,0,0,8.05,0,0,1
720,0,3,1,24.0,0,0,7.25,0,1,0
721,0,3,1,36.0,0,0,7.4958,0,0,1
722,0,3,1,24.0,0,0,7.4958,0,0,1
723,0,3,1,31.0,0,0,7.7333,0,1,0
724,0,3,1,31.0,0,0,7.75,0,1,0
725,1,3,0,22.0,0,0,7.75,0,1,0
726,0,3,0,30.0,0,0,7.6292,0,1,0
727,0,3,1,70.5,0,0,7.75,0,1,0
728,0,3,1,43.0,0,0,8.05,0,0,1
729,0,3,1,35.0,0,0,7.8958,0,0,1
730,0,3,1,27.0,0,0,7.8958,0,0,1
731,0,3,1,19.0,0,0,7.8958,0,0,1
732,0,3,1,30.0,0,0,8.05,0,0,1
733,1,3,1,9.0,1,1,15.9,0,0,1
734,1,3,1,3.0,1,1,15.9,0,0,1
735,1,3,0,36.0,0,2,15.9,0,0,1
736,0,3,1,59.0,0,0,7.25,0,0,1
737,0,3,1,19.0,0,0,8.1583,0,0,1
738,1,3,0,17.0,0,1,16.1,0,0,1
739,0,3,1,44.0,0,1,16.1,0,0,1
740,0,3,1,17.0,0,0,8.6625,0,0,1
741,0,3,1,22.5,0,0,7.225,1,0,0
742,1,3,1,45.0,0,0,8.05,0,0,1
743,0,3,0,22.0,0,0,10.5167,0,0,1
744,0,3,1,19.0,0,0,10.1708,0,0,1
745,1,3,0,30.0,0,0,6.95,0,1,0
746,1,3,1,29.0,0,0,7.75,0,1,0
747,0,3,1,0.3333,0,2,14.4,0,0,1
748,0,3,1,34.0,1,1,14.4,0,0,1
749,0,3,0,28.0,1,1,14.4,0,0,1
750,0,3,1,27.0,0,0,7.8958,0,0,1
751,0,3,1,25.0,0,0,7.8958,0,0,1
752,0,3,1,24.0,2,0,24.15,0,0,1
753,0,3,1,22.0,0,0,8.05,0,0,1
754,0,3,1,21.0,2,0,24.15,0,0,1
755,0,3,1,17.0,2,0,8.05,0,0,1
756,0,3,1,29.8811345124283,1,0,16.1,0,0,1
757,1,3,0,29.8811345124283,1,0,16.1,0,0,1
758,1,3,1,36.5,1,0,17.4,0,0,1
759,1,3,0,36.0,1,0,17.4,0,0,1
760,1,3,1,30.0,0,0,9.5,0,0,1
761,0,3,1,16.0,0,0,9.5,0,0,1
762,1,3,1,1.0,1,2,20.575,0,0,1
763,1,3,0,0.1667,1,2,20.575,0,0,1
764,0,3,1,26.0,1,2,20.575,0,0,1
765,1,3,0,33.0,1,2,20.575,0,0,1
766,0,3,1,25.0,0,0,7.8958,0,0,1
767,0,3,1,29.8811345124283,0,0,7.8958,0,0,1
768,0,3,1,29.8811345124283,0,0,7.8958,0,0,1
769,0,3,1,22.0,0,0,7.25,0,0,1
770,0,3,1,36.0,0,0,7.25,0,0,1
771,1,3,0,19.0,0,0,7.8792,0,1,0
772,0,3,1,17.0,0,0,7.8958,0,0,1
773,0,3,1,42.0,0,0,8.6625,0,0,1
774,0,3,1,43.0,0,0,7.8958,0,0,1
775,0,3,1,29.8811345124283,0,0,7.2292,1,0,0
776,0,3,1,32.0,0,0,7.75,0,1,0
777,1,3,1,19.0,0,0,8.05,0,0,1
778,1,3,0,30.0,0,0,12.475,0,0,1
779,0,3,0,24.0,0,0,7.75,0,1,0
780,1,3,0,23.0,0,0,8.05,0,0,1
781,0,3,1,33.0,0,0,7.8958,1,0,0
782,0,3,1,65.0,0,0,7.75,0,1,0
783,1,3,1,24.0,0,0,7.55,0,0,1
784,0,3,1,23.0,1,0,13.9,0,0,1
785,1,3,0,22.0,1,0,13.9,0,0,1
786,0,3,1,18.0,0,0,7.775,0,0,1
787,0,3,1,16.0,0,0,7.775,0,0,1
788,0,3,1,45.0,0,0,6.975,0,0,1
789,0,3,1,29.8811345124283,0,0,7.225,1,0,0
790,0,3,1,39.0,0,2,7.2292,1,0,0
791,0,3,1,17.0,1,1,7.2292,1,0,0
792,0,3,1,15.0,1,1,7.2292,1,0,0
793,0,3,1,47.0,0,0,7.25,0,0,1
794,1,3,0,5.0,0,0,12.475,0,0,1
795,0,3,1,29.8811345124283,0,0,7.225,1,0,0
796,0,3,1,40.5,0,0,15.1,0,0,1
797,0,3,1,40.5,0,0,7.75,0,1,0
798,1,3,1,29.8811345124283,0,0,7.05,0,0,1
799,0,3,1,18.0,0,0,7.7958,0,0,1
800,0,3,0,29.8811345124283,0,0,7.75,0,1,0
801,0,3,1,29.8811345124283,0,0,7.75,0,1,0
802,0,3,1,29.8811345124283,0,0,6.95,0,1,0
803,0,3,1,26.0,0,0,7.8792,0,1,0
804,0,3,1,29.8811345124283,0,0,7.75,0,1,0
805,1,3,1,29.8811345124283,0,0,56.4958,0,0,1
806,0,3,0,21.0,2,2,34.375,0,0,1
807,0,3,0,9.0,2,2,34.375,0,0,1
808,0,3,1,29.8811345124283,0,0,8.05,0,0,1
809,0,3,1,18.0,2,2,34.375,0,0,1
810,0,3,1,16.0,1,3,34.375,0,0,1
811,0,3,0,48.0,1,3,34.375,0,0,1
812,0,3,1,29.8811345124283,0,0,7.75,0,1,0
813,0,3,1,29.8811345124283,0,0,7.25,0,0,1
814,0,3,1,25.0,0,0,7.7417,0,1,0
815,0,3,1,29.8811345124283,0,0,14.5,0,0,1
816,0,3,1,29.8811345124283,0,0,7.8958,1,0,0
817,0,3,1,22.0,0,0,8.05,0,0,1
818,1,3,0,16.0,0,0,7.7333,0,1,0
819,1,3,0,29.8811345124283,0,0,7.75,0,1,0
820,1,3,1,9.0,0,2,20.525,0,0,1
821,0,3,1,33.0,1,1,20.525,0,0,1
822,0,3,1,41.0,0,0,7.85,0,0,1
823,1,3,0,31.0,1,1,20.525,0,0,1
824,0,3,1,38.0,0,0,7.05,0,0,1
825,0,3,1,9.0,5,2,46.9,0,0,1
826,0,3,1,1.0,5,2,46.9,0,0,1
827,0,3,1,11.0,5,2,46.9,0,0,1
828,0,3,0,10.0,5,2,46.9,0,0,1
829,0,3,0,16.0,5,2,46.9,0,0,1
830,0,3,1,14.0,5,2,46.9,0,0,1
831,0,3,1,40.0,1,6,46.9,0,0,1
832,0,3,0,43.0,1,6,46.9,0,0,1
833,0,3,1,51.0,0,0,8.05,0,0,1
834,0,3,1,32.0,0,0,8.3625,0,0,1
835,0,3,1,29.8811345124283,0,0,8.05,0,0,1
836,0,3,1,20.0,0,0,9.8458,0,0,1
837,0,3,1,37.0,2,0,7.925,0,0,1
838,0,3,1,28.0,2,0,7.925,0,0,1
839,0,3,1,19.0,0,0,7.775,0,0,1
840,0,3,0,24.0,0,0,8.85,0,0,1
841,0,3,0,17.0,0,0,7.7333,0,1,0
842,0,3,1,29.8811345124283,1,0,19.9667,0,0,1
843,0,3,1,29.8811345124283,1,0,19.9667,0,0,1
844,0,3,1,28.0,1,0,15.85,0,0,1
845,1,3,0,24.0,1,0,15.85,0,0,1
846,0,3,1,20.0,0,0,9.5,0,0,1
847,0,3,1,23.5,0,0,7.2292,1,0,0
848,0,3,1,41.0,2,0,14.1083,0,0,1
849,0,3,1,26.0,1,0,7.8542,0,0,1
850,0,3,1,21.0,0,0,7.8542,0,0,1
851,1,3,0,45.0,1,0,14.1083,0,0,1
852,0,3,0,29.8811345124283,0,0,7.55,0,0,1
853,0,3,1,25.0,0,0,7.25,0,0,1
854,0,3,1,29.8811345124283,0,0,6.8583,0,1,0
855,0,3,1,11.0,0,0,18.7875,1,0,0
856,1,3,0,29.8811345124283,0,0,7.75,0,1,0
857,1,3,1,27.0,0,0,6.975,0,0,1
858,1,3,1,29.8811345124283,0,0,56.4958,0,0,1
859,0,3,0,18.0,0,0,6.75,0,1,0
860,1,3,0,26.0,0,0,7.925,0,0,1
861,0,3,0,23.0,0,0,7.925,0,0,1
862,1,3,0,22.0,0,0,8.9625,0,0,1
863,0,3,1,28.0,0,0,7.8958,0,0,1
864,0,3,0,28.0,0,0,7.775,0,0,1
865,0,3,0,29.8811345124283,0,0,7.75,0,1,0
866,1,3,0,2.0,0,1,12.2875,0,0,1
867,1,3,0,22.0,1,1,12.2875,0,0,1
868,0,3,1,43.0,0,0,6.45,0,0,1
869,0,3,1,28.0,0,0,22.525,0,0,1
870,1,3,0,27.0,0,0,7.925,0,0,1
871,0,3,1,29.8811345124283,0,0,7.75,0,1,0
872,1,3,0,29.8811345124283,0,0,8.05,0,0,1
873,0,3,1,42.0,0,0,7.65,0,0,1
874,1,3,1,29.8811345124283,0,0,7.8875,0,0,1
875,0,3,1,30.0,0,0,7.2292,1,0,0
876,0,3,1,29.8811345124283,0,0,7.8958,0,0,1
877,0,3,0,27.0,1,0,7.925,0,0,1
878,0,3,0,25.0,1,0,7.925,0,0,1
879,0,3,1,29.8811345124283,0,0,7.8958,0,0,1
880,1,3,1,29.0,0,0,7.8958,1,0,0
881,1,3,1,21.0,0,0,7.7958,0,0,1
882,0,3,1,29.8811345124283,0,0,7.05,0,0,1
883,0,3,1,20.0,0,0,7.8542,0,0,1
884,0,3,1,48.0,0,0,7.8542,0,0,1
885,0,3,1,17.0,1,0,7.0542,0,0,1
886,1,3,0,29.8811345124283,0,0,7.75,0,1,0
887,1,3,1,29.8811345124283,0,0,8.1125,0,0,1
888,0,3,1,34.0,0,0,6.4958,0,0,1
889,1,3,1,26.0,0,0,7.775,0,0,1
890,0,3,1,22.0,0,0,7.7958,0,0,1
891,0,3,1,33.0,0,0,8.6542,0,0,1
892,0,3,1,31.0,0,0,7.775,0,0,1
893,0,3,1,29.0,0,0,7.8542,0,0,1
894,1,3,1,4.0,1,1,11.1333,0,0,1
895,1,3,0,1.0,1,1,11.1333,0,0,1
896,0,3,1,49.0,0,0,0.0,0,0,1
897,0,3,1,33.0,0,0,7.775,0,0,1
898,0,3,1,19.0,0,0,0.0,0,0,1
899,1,3,0,27.0,0,2,11.1333,0,0,1
900,0,3,1,29.8811345124283,1,2,23.45,0,0,1
901,0,3,0,29.8811345124283,1,2,23.45,0,0,1
902,0,3,1,29.8811345124283,1,2,23.45,0,0,1
903,0,3,0,29.8811345124283,1,2,23.45,0,0,1
904,0,3,1,23.0,0,0,7.8958,0,0,1
905,1,3,1,32.0,0,0,7.8542,0,0,1
906,0,3,1,27.0,0,0,7.8542,0,0,1
907,0,3,0,20.0,1,0,9.825,0,0,1
908,0,3,0,21.0,1,0,9.825,0,0,1
909,1,3,1,32.0,0,0,7.925,0,0,1
910,0,3,1,17.0,0,0,7.125,0,0,1
911,0,3,1,21.0,0,0,8.4333,0,0,1
912,0,3,1,30.0,0,0,7.8958,0,0,1
913,1,3,1,21.0,0,0,7.7958,0,0,1
914,0,3,1,33.0,0,0,7.8542,0,0,1
915,0,3,1,22.0,0,0,7.5208,0,0,1
916,1,3,0,4.0,0,1,13.4167,1,0,0
917,1,3,1,39.0,0,1,13.4167,1,0,0
918,0,3,1,29.8811345124283,0,0,7.2292,1,0,0
919,0,3,1,18.5,0,0,7.2292,1,0,0
920,0,3,1,29.8811345124283,0,0,7.75,0,1,0
921,0,3,1,29.8811345124283,0,0,7.25,0,0,1
922,1,3,0,29.8811345124283,0,0,7.75,0,1,0
923,1,3,0,29.8811345124283,0,0,7.75,0,1,0
924,0,3,1,34.5,0,0,7.8292,0,1,0
925,0,3,1,44.0,0,0,8.05,0,0,1
926,1,3,1,29.8811345124283,0,0,7.75,0,1,0
927,0,3,1,29.8811345124283,1,0,14.4542,1,0,0
928,0,3,0,29.8811345124283,1,0,14.4542,1,0,0
929,0,3,1,29.8811345124283,1,0,7.75,0,1,0
930,0,3,1,29.8811345124283,1,0,7.75,0,1,0
931,0,3,1,29.8811345124283,0,0,7.7375,0,1,0
932,0,3,0,22.0,2,0,8.6625,0,0,1
933,0,3,1,26.0,2,0,8.6625,0,0,1
934,1,3,0,4.0,0,2,22.025,0,0,1
935,1,3,1,29.0,3,1,22.025,0,0,1
936,1,3,0,26.0,1,1,22.025,0,0,1
937,0,3,0,1.0,1,1,12.1833,0,0,1
938,0,3,1,18.0,1,1,7.8542,0,0,1
939,0,3,0,36.0,0,2,12.1833,0,0,1
940,0,3,1,29.8811345124283,0,0,7.8958,1,0,0
941,1,3,1,25.0,0,0,7.2292,1,0,0
942,0,3,1,29.8811345124283,0,0,7.225,1,0,0
943,0,3,0,37.0,0,0,9.5875,0,0,1
944,0,3,1,29.8811345124283,0,0,7.8958,0,0,1
945,1,3,1,29.8811345124283,0,0,56.4958,0,0,1
946,0,3,1,29.8811345124283,0,0,56.4958,0,0,1
947,1,3,0,22.0,0,0,7.25,0,0,1
948,0,3,1,29.8811345124283,0,0,7.75,0,1,0
949,1,3,1,26.0,0,0,56.4958,0,0,1
950,0,3,1,29.0,0,0,9.4833,0,0,1
951,0,3,1,29.0,0,0,7.775,0,0,1
952,0,3,1,22.0,0,0,7.775,0,0,1
953,1,3,1,22.0,0,0,7.225,1,0,0
954,0,3,1,29.8811345124283,3,1,25.4667,0,0,1
955,0,3,0,29.8811345124283,3,1,25.4667,0,0,1
956,0,3,0,29.8811345124283,3,1,25.4667,0,0,1
957,0,3,0,29.8811345124283,3,1,25.4667,0,0,1
958,0,3,0,29.8811345124283,0,4,25.4667,0,0,1
959,0,3,1,32.0,0,0,7.925,0,0,1
960,0,3,1,34.5,0,0,6.4375,1,0,0
961,0,3,0,29.8811345124283,1,0,15.5,0,1,0
962,0,3,1,29.8811345124283,1,0,15.5,0,1,0
963,0,3,1,36.0,0,0,0.0,0,0,1
964,0,3,1,39.0,0,0,24.15,0,0,1
965,0,3,1,24.0,0,0,9.5,0,0,1
966,0,3,0,25.0,0,0,7.775,0,0,1
967,0,3,0,45.0,0,0,7.75,0,0,1
968,0,3,1,36.0,1,0,15.55,0,0,1
969,0,3,0,30.0,1,0,15.55,0,0,1
970,1,3,1,20.0,1,0,7.925,0,0,1
971,0,3,1,29.8811345124283,0,0,7.8792,0,1,0
972,0,3,1,28.0,0,0,56.4958,0,0,1
973,0,3,1,29.8811345124283,0,0,7.55,0,0,1
974,0,3,1,30.0,1,0,16.1,0,0,1
975,0,3,0,26.0,1,0,16.1,0,0,1
976,0,3,1,29.8811345124283,0,0,7.8792,0,0,1
977,0,3,1,20.5,0,0,7.25,0,0,1
978,1,3,1,27.0,0,0,8.6625,0,0,1
979,0,3,1,51.0,0,0,7.0542,0,0,1
980,1,3,0,23.0,0,0,7.8542,0,0,1
981,1,3,1,32.0,0,0,7.5792,0,0,1
982,0,3,1,29.8811345124283,0,0,7.8958,0,0,1
983,0,3,1,29.8811345124283,0,0,7.55,0,0,1
984,1,3,0,29.8811345124283,0,0,7.75,0,1,0
985,1,3,1,24.0,0,0,7.1417,0,0,1
986,0,3,1,22.0,0,0,7.125,0,0,1
987,0,3,0,29.8811345124283,0,0,7.8792,0,1,0
988,0,3,1,29.8811345124283,0,0,7.75,0,1,0
989,0,3,1,29.8811345124283,0,0,8.05,0,0,1
990,0,3,1,29.0,0,0,7.925,0,0,1
991,1,3,1,29.8811345124283,0,0,7.2292,1,0,0
992,0,3,0,30.5,0,0,7.75,0,1,0
993,1,3,0,29.8811345124283,0,0,7.7375,0,1,0
994,0,3,1,29.8811345124283,0,0,7.2292,1,0,0
995,0,3,1,35.0,0,0,7.8958,1,0,0
996,0,3,1,33.0,0,0,7.8958,0,0,1
997,1,3,0,29.8811345124283,0,0,7.225,1,0,0
998,0,3,1,29.8811345124283,0,0,7.8958,1,0,0
999,1,3,0,29.8811345124283,0,0,7.75,0,1,0
1000,1,3,1,29.8811345124283,0,0,7.75,0,1,0
1001,1,3,0,29.8811345124283,2,0,23.25,0,1,0
1002,1,3,0,29.8811345124283,2,0,23.25,0,1,0
1003,1,3,1,29.8811345124283,2,0,23.25,0,1,0
1004,1,3,0,29.8811345124283,0,0,7.7875,0,1,0
1005,0,3,1,29.8811345124283,0,0,15.5,0,1,0
1006,1,3,0,29.8811345124283,0,0,7.8792,0,1,0
1007,1,3,0,15.0,0,0,8.0292,0,1,0
1008,0,3,0,35.0,0,0,7.75,0,1,0
1009,0,3,1,29.8811345124283,0,0,7.75,0,1,0
1010,0,3,1,24.0,1,0,16.1,0,0,1
1011,0,3,0,19.0,1,0,16.1,0,0,1
1012,0,3,0,29.8811345124283,0,0,7.75,0,1,0
1013,0,3,0,29.8811345124283,0,0,8.05,0,0,1
1014,0,3,0,29.8811345124283,0,0,8.05,0,0,1
1015,0,3,1,55.5,0,0,8.05,0,0,1
1016,0,3,1,29.8811345124283,0,0,7.75,0,1,0
1017,1,3,1,21.0,0,0,7.775,0,0,1
1018,0,3,1,29.8811345124283,0,0,8.05,0,0,1
1019,0,3,1,24.0,0,0,7.8958,0,0,1
1020,0,3,1,21.0,0,0,7.8958,0,0,1
1021,0,3,1,28.0,0,0,7.8958,0,0,1
1022,0,3,1,29.8811345124283,0,0,7.8958,0,0,1
1023,1,3,0,29.8811345124283,0,0,7.8792,0,1,0
1024,0,3,1,25.0,0,0,7.65,0,0,1
1025,1,3,1,6.0,0,1,12.475,0,0,1
1026,1,3,0,27.0,0,1,12.475,0,0,1
1027,0,3,1,29.8811345124283,0,0,8.05,0,0,1
1028,1,3,0,29.8811345124283,1,0,24.15,0,1,0
1029,0,3,1,29.8811345124283,1,0,24.15,0,1,0
1030,0,3,1,29.8811345124283,0,0,8.4583,0,1,0
1031,0,3,1,34.0,0,0,8.05,0,0,1
1032,0,3,1,29.8811345124283,0,0,7.75,0,1,0
1033,1,3,1,29.8811345124283,0,0,7.775,0,0,1
1034,1,3,1,29.8811345124283,1,1,15.2458,1,0,0
1035,1,3,1,29.8811345124283,1,1,15.2458,1,0,0
1036,1,3,0,29.8811345124283,0,2,15.2458,1,0,0
1037,1,3,0,29.8811345124283,0,0,7.2292,1,0,0
1038,0,3,1,29.8811345124283,0,0,8.05,0,0,1
1039,1,3,0,29.8811345124283,0,0,7.7333,0,1,0
1040,1,3,0,24.0,0,0,7.75,0,1,0
1041,0,3,1,29.8811345124283,0,0,8.05,0,0,1
1042,1,3,0,29.8811345124283,1,0,15.5,0,1,0
1043,1,3,0,29.8811345124283,1,0,15.5,0,1,0
1044,1,3,0,29.8811345124283,0,0,15.5,0,1,0
1045,0,3,1,18.0,0,0,7.75,0,0,1
1046,0,3,1,22.0,0,0,7.8958,0,0,1
1047,1,3,0,15.0,0,0,7.225,1,0,0
1048,1,3,0,1.0,0,2,15.7417,1,0,0
1049,1,3,1,20.0,1,1,15.7417,1,0,0
1050,1,3,0,19.0,1,1,15.7417,1,0,0
1051,0,3,1,33.0,0,0,8.05,0,0,1
1052,0,3,1,29.8811345124283,0,0,7.8958,0,0,1
1053,0,3,1,29.8811345124283,0,0,7.2292,1,0,0
1054,0,3,0,29.8811345124283,0,0,7.75,0,1,0
1055,0,3,1,29.8811345124283,0,0,7.8958,0,0,1
1056,1,3,1,12.0,1,0,11.2417,1,0,0
1057,1,3,0,14.0,1,0,11.2417,1,0,0
1058,0,3,0,29.0,0,0,7.925,0,0,1
1059,0,3,1,28.0,0,0,8.05,0,0,1
1060,1,3,0,18.0,0,0,7.775,0,0,1
1061,1,3,0,26.0,0,0,7.8542,0,0,1
1062,0,3,1,21.0,0,0,7.8542,0,0,1
1063,0,3,1,41.0,0,0,7.125,0,0,1
1064,1,3,1,39.0,0,0,7.925,0,0,1
1065,0,3,1,21.0,0,0,7.8,0,0,1
1066,0,3,1,28.5,0,0,7.2292,1,0,0
1067,1,3,0,22.0,0,0,7.75,0,0,1
1068,0,3,1,61.0,0,0,6.2375,0,0,1
1069,0,3,1,29.8811345124283,1,0,15.5,0,1,0
1070,0,3,1,29.8811345124283,0,0,7.8292,0,1,0
1071,1,3,0,29.8811345124283,1,0,15.5,0,1,0
1072,0,3,1,29.8811345124283,0,0,7.7333,0,1,0
1073,0,3,1,29.8811345124283,0,0,7.75,0,1,0
1074,0,3,1,29.8811345124283,0,0,7.75,0,1,0
1075,0,3,1,23.0,0,0,9.225,0,0,1
1076,0,3,0,29.8811345124283,0,0,7.75,0,1,0
1077,1,3,0,29.8811345124283,0,0,7.75,0,1,0
1078,1,3,0,29.8811345124283,0,0,7.8792,0,1,0
1079,1,3,0,22.0,0,0,7.775,0,0,1
1080,1,3,1,29.8811345124283,0,0,7.75,0,1,0
1081,1,3,0,29.8811345124283,0,0,7.8292,0,1,0
1082,1,3,1,9.0,0,1,3.1708,0,0,1
1083,0,3,1,28.0,0,0,22.525,0,0,1
1084,0,3,1,42.0,0,1,8.4042,0,0,1
1085,0,3,1,29.8811345124283,0,0,7.3125,0,0,1
1086,0,3,0,31.0,0,0,7.8542,0,0,1
1087,0,3,1,28.0,0,0,7.8542,0,0,1
1088,1,3,1,32.0,0,0,7.775,0,0,1
1089,0,3,1,20.0,0,0,9.225,0,0,1
1090,0,3,0,23.0,0,0,8.6625,0,0,1
1091,0,3,0,20.0,0,0,8.6625,0,0,1
1092,0,3,1,20.0,0,0,8.6625,0,0,1
1093,0,3,1,16.0,0,0,9.2167,0,0,1
1094,1,3,0,31.0,0,0,8.6833,0,0,1
1095,0,3,0,29.8811345124283,0,0,7.6292,0,1,0
1096,0,3,1,2.0,3,1,21.075,0,0,1
1097,0,3,1,6.0,3,1,21.075,0,0,1
1098,0,3,0,3.0,3,1,21.075,0,0,1
1099,0,3,0,8.0,3,1,21.075,0,0,1
1100,0,3,0,29.0,0,4,21.075,0,0,1
1101,0,3,1,1.0,4,1,39.6875,0,0,1
1102,0,3,1,7.0,4,1,39.6875,0,0,1
1103,0,3,1,2.0,4,1,39.6875,0,0,1
1104,0,3,1,16.0,4,1,39.6875,0,0,1
1105,0,3,1,14.0,4,1,39.6875,0,0,1
1106,0,3,0,41.0,0,5,39.6875,0,0,1
1107,0,3,1,21.0,0,0,8.6625,0,0,1
1108,0,3,1,19.0,0,0,14.5,0,0,1
1109,0,3,1,29.8811345124283,0,0,8.7125,1,0,0
1110,0,3,1,32.0,0,0,7.8958,0,0,1
1111,0,3,1,0.75,1,1,13.775,0,0,1
1112,0,3,0,3.0,1,1,13.775,0,0,1
1113,0,3,0,26.0,0,2,13.775,0,0,1
1114,0,3,1,29.8811345124283,0,0,7.0,0,0,1
1115,0,3,1,29.8811345124283,0,0,7.775,0,0,1
1116,0,3,1,29.8811345124283,0,0,8.05,0,0,1
1117,0,3,1,21.0,0,0,7.925,0,0,1
1118,0,3,1,25.0,0,0,7.925,0,0,1
1119,0,3,1,22.0,0,0,7.25,0,0,1
1120,1,3,1,25.0,1,0,7.775,0,0,1
1121,1,3,1,29.8811345124283,1,1,22.3583,1,0,0
1122,1,3,0,29.8811345124283,1,1,22.3583,1,0,0
1123,1,3,0,29.8811345124283,0,2,22.3583,1,0,0
1124,0,3,0,29.8811345124283,0,0,8.1375,0,1,0
1125,0,3,1,24.0,0,0,8.05,0,0,1
1126,0,3,0,28.0,0,0,7.8958,0,0,1
1127,0,3,1,19.0,0,0,7.8958,0,0,1
1128,0,3,1,29.8811345124283,0,0,7.8958,0,0,1
1129,0,3,1,25.0,1,0,7.775,0,0,1
1130,0,3,0,18.0,0,0,7.775,0,0,1
1131,1,3,1,32.0,0,0,8.05,0,0,1
1132,0,3,1,29.8811345124283,0,0,7.8958,0,0,1
1133,0,3,1,17.0,0,0,8.6625,0,0,1
1134,0,3,1,24.0,0,0,8.6625,0,0,1
1135,0,3,1,29.8811345124283,0,0,7.8958,0,0,1
1136,0,3,0,29.8811345124283,0,0,8.1125,0,0,1
1137,0,3,1,29.8811345124283,0,0,7.2292,1,0,0
1138,0,3,1,29.8811345124283,0,0,7.25,0,0,1
1139,0,3,1,38.0,0,0,7.8958,0,0,1
1140,0,3,1,21.0,0,0,8.05,0,0,1
1141,0,3,1,10.0,4,1,29.125,0,1,0
1142,0,3,1,4.0,4,1,29.125,0,1,0
1143,0,3,1,7.0,4,1,29.125,0,1,0
1144,0,3,1,2.0,4,1,29.125,0,1,0
1145,0,3,1,8.0,4,1,29.125,0,1,0
1146,0,3,0,39.0,0,5,29.125,0,1,0
1147,0,3,0,22.0,0,0,39.6875,0,0,1
1148,0,3,1,35.0,0,0,7.125,0,0,1
1149,1,3,0,29.8811345124283,0,0,7.7208,0,1,0
1150,0,3,1,29.8811345124283,0,0,14.5,0,0,1
1151,0,3,0,29.8811345124283,0,0,14.5,0,0,1
1152,0,3,1,50.0,1,0,14.5,0,0,1
1153,0,3,0,47.0,1,0,14.5,0,0,1
1154,0,3,1,29.8811345124283,0,0,8.05,0,0,1
1155,0,3,1,29.8811345124283,0,0,7.775,0,0,1
1156,0,3,0,2.0,1,1,20.2125,0,0,1
1157,0,3,1,18.0,1,1,20.2125,0,0,1
1158,0,3,0,41.0,0,2,20.2125,0,0,1
1159,1,3,0,29.8811345124283,0,0,8.05,0,0,1
1160,0,3,1,50.0,0,0,8.05,0,0,1
1161,0,3,1,16.0,0,0,8.05,0,0,1
1162,1,3,1,29.8811345124283,0,0,7.75,0,1,0
1163,0,3,1,29.8811345124283,0,0,24.15,0,1,0
1164,0,3,1,29.8811345124283,0,0,7.2292,1,0,0
1165,0,3,1,25.0,0,0,7.225,1,0,0
1166,0,3,1,29.8811345124283,0,0,7.225,1,0,0
1167,0,3,1,29.8811345124283,0,0,7.7292,0,1,0
1168,0,3,1,29.8811345124283,0,0,7.575,0,0,1
1169,0,3,1,38.5,0,0,7.25,0,0,1
1170,0,3,1,29.8811345124283,8,2,69.55,0,0,1
1171,0,3,1,14.5,8,2,69.55,0,0,1
1172,0,3,0,29.8811345124283,8,2,69.55,0,0,1
1173,0,3,0,29.8811345124283,8,2,69.55,0,0,1
1174,0,3,0,29.8811345124283,8,2,69.55,0,0,1
1175,0,3,0,29.8811345124283,8,2,69.55,0,0,1
1176,0,3,1,29.8811345124283,8,2,69.55,0,0,1
1177,0,3,1,29.8811345124283,8,2,69.55,0,0,1
1178,0,3,1,29.8811345124283,8,2,69.55,0,0,1
1179,0,3,1,29.8811345124283,1,9,69.55,0,0,1
1180,0,3,0,29.8811345124283,1,9,69.55,0,0,1
1181,0,3,1,24.0,0,0,9.325,0,0,1
1182,1,3,0,21.0,0,0,7.65,0,0,1
1183,0,3,1,39.0,0,0,7.925,0,0,1
1184,0,3,1,29.8811345124283,2,0,21.6792,1,0,0
1185,0,3,1,29.8811345124283,2,0,21.6792,1,0,0
1186,0,3,1,29.8811345124283,2,0,21.6792,1,0,0
1187,1,3,0,1.0,1,1,16.7,0,0,1
1188,1,3,0,24.0,0,2,16.7,0,0,1
1189,1,3,0,4.0,1,1,16.7,0,0,1
1190,1,3,1,25.0,0,0,9.5,0,0,1
1191,0,3,1,20.0,0,0,8.05,0,0,1
1192,0,3,1,24.5,0,0,8.05,0,0,1
1193,0,3,1,29.8811345124283,0,0,7.725,0,1,0
1194,0,3,1,29.8811345124283,0,0,7.8958,0,0,1
1195,0,3,1,29.8811345124283,0,0,7.75,0,1,0
1196,1,3,1,29.0,0,0,9.5,0,0,1
1197,0,3,1,29.8811345124283,0,0,15.1,0,0,1
1198,1,3,0,29.8811345124283,0,0,7.7792,0,1,0
1199,0,3,1,29.8811345124283,0,0,8.05,0,0,1
1200,0,3,1,29.8811345124283,0,0,8.05,0,0,1
1201,0,3,1,22.0,0,0,7.2292,1,0,0
1202,0,3,1,29.8811345124283,0,0,8.05,0,0,1
1203,0,3,1,40.0,0,0,7.8958,0,0,1
1204,0,3,1,21.0,0,0,7.925,0,0,1
1205,1,3,0,18.0,0,0,7.4958,0,0,1
1206,0,3,1,4.0,3,2,27.9,0,0,1
1207,0,3,1,10.0,3,2,27.9,0,0,1
1208,0,3,0,9.0,3,2,27.9,0,0,1
1209,0,3,0,2.0,3,2,27.9,0,0,1
1210,0,3,1,40.0,1,4,27.9,0,0,1
1211,0,3,0,45.0,1,4,27.9,0,0,1
1212,0,3,1,29.8811345124283,0,0,7.8958,0,0,1
1213,0,3,1,29.8811345124283,0,0,8.05,0,0,1
1214,0,3,1,29.8811345124283,0,0,8.6625,0,0,1
1215,0,3,1,29.8811345124283,0,0,7.75,0,1,0
1216,1,3,0,29.8811345124283,0,0,7.7333,0,1,0
1217,0,3,1,19.0,0,0,7.65,0,0,1
1218,0,3,1,30.0,0,0,8.05,0,0,1
1219,0,3,1,29.8811345124283,0,0,8.05,0,0,1
1220,0,3,1,32.0,0,0,8.05,0,0,1
1221,0,3,1,29.8811345124283,0,0,7.8958,0,0,1
1222,0,3,1,33.0,0,0,8.6625,1,0,0
1223,1,3,0,23.0,0,0,7.55,0,0,1
1224,0,3,1,21.0,0,0,8.05,0,0,1
1225,0,3,1,60.5,0,0,33.29547928134557,0,0,1
1226,0,3,1,19.0,0,0,7.8958,0,0,1
1227,0,3,0,22.0,0,0,9.8375,0,0,1
1228,1,3,1,31.0,0,0,7.925,0,0,1
1229,0,3,1,27.0,0,0,8.6625,0,0,1
1230,0,3,0,2.0,0,1,10.4625,0,0,1
1231,0,3,0,29.0,1,1,10.4625,0,0,1
1232,1,3,1,16.0,0,0,8.05,0,0,1
1233,1,3,1,44.0,0,0,7.925,0,0,1
1234,0,3,1,25.0,0,0,7.05,0,0,1
1235,0,3,1,74.0,0,0,7.775,0,0,1
1236,1,3,1,14.0,0,0,9.225,0,0,1
1237,0,3,1,24.0,0,0,7.7958,0,0,1
1238,1,3,1,25.0,0,0,7.7958,0,0,1
1239,0,3,1,34.0,0,0,8.05,0,0,1
1240,1,3,1,0.4167,0,1,8.5167,1,0,0
1241,0,3,1,29.8811345124283,1,0,6.4375,1,0,0
1242,0,3,1,29.8811345124283,0,0,6.4375,1,0,0
1243,0,3,1,29.8811345124283,0,0,7.225,1,0,0
1244,1,3,0,16.0,1,1,8.5167,1,0,0
1245,0,3,1,29.8811345124283,0,0,8.05,0,0,1
1246,0,3,1,29.8811345124283,1,0,16.1,0,0,1
1247,1,3,0,29.8811345124283,1,0,16.1,0,0,1
1248,0,3,1,32.0,0,0,7.925,0,0,1
1249,0,3,1,29.8811345124283,0,0,7.75,0,1,0
1250,0,3,1,29.8811345124283,0,0,7.8958,0,0,1
1251,0,3,1,30.5,0,0,8.05,0,0,1
1252,0,3,1,44.0,0,0,8.05,0,0,1
1253,0,3,1,29.8811345124283,0,0,7.2292,1,0,0
1254,1,3,1,25.0,0,0,0.0,0,0,1
1255,0,3,1,29.8811345124283,0,0,7.2292,1,0,0
1256,1,3,1,7.0,1,1,15.2458,1,0,0
1257,1,3,0,9.0,1,1,15.2458,1,0,0
1258,1,3,0,29.0,0,2,15.2458,1,0,0
1259,0,3,1,36.0,0,0,7.8958,0,0,1
1260,1,3,0,18.0,0,0,9.8417,0,0,1
1261,1,3,0,63.0,0,0,9.5875,0,0,1
1262,0,3,1,29.8811345124283,1,1,14.5,0,0,1
1263,0,3,1,11.5,1,1,14.5,0,0,1
1264,0,3,1,40.5,0,2,14.5,0,0,1
1265,0,3,0,10.0,0,2,24.15,0,0,1
1266,0,3,1,36.0,1,1,24.15,0,0,1
1267,0,3,0,30.0,1,1,24.15,0,0,1
1268,0,3,1,29.8811345124283,0,0,9.5,0,0,1
1269,0,3,1,33.0,0,0,9.5,0,0,1
1270,0,3,1,28.0,0,0,9.5,0,0,1
1271,0,3,1,28.0,0,0,9.5,0,0,1
1272,0,3,1,47.0,0,0,9.0,0,0,1
1273,0,3,0,18.0,2,0,18.0,0,0,1
1274,0,3,1,31.0,3,0,18.0,0,0,1
1275,0,3,1,16.0,2,0,18.0,0,0,1
1276,0,3,0,31.0,1,0,18.0,0,0,1
1277,1,3,1,22.0,0,0,7.225,1,0,0
1278,0,3,1,20.0,0,0,7.8542,0,0,1
1279,0,3,0,14.0,0,0,7.8542,0,0,1
1280,0,3,1,22.0,0,0,7.8958,0,0,1
1281,0,3,1,22.0,0,0,9.0,0,0,1
1282,0,3,1,29.8811345124283,0,0,8.05,0,0,1
1283,0,3,1,29.8811345124283,0,0,7.55,0,0,1
1284,0,3,1,29.8811345124283,0,0,8.05,0,0,1
1285,0,3,1,32.5,0,0,9.5,0,0,1
1286,1,3,0,38.0,0,0,7.2292,1,0,0
1287,0,3,1,51.0,0,0,7.75,0,0,1
1288,0,3,1,18.0,1,0,6.4958,0,0,1
1289,0,3,1,21.0,1,0,6.4958,0,0,1
1290,1,3,0,47.0,1,0,7.0,0,0,1
1291,0,3,1,29.8811345124283,0,0,8.7125,0,0,1
1292,0,3,1,29.8811345124283,0,0,7.55,0,0,1
1293,0,3,1,29.8811345124283,0,0,8.05,0,0,1
1294,0,3,1,28.5,0,0,16.1,0,0,1
1295,0,3,1,21.0,0,0,7.25,0,0,1
1296,0,3,1,27.0,0,0,8.6625,0,0,1
1297,0,3,1,29.8811345124283,0,0,7.25,0,0,1
1298,0,3,1,36.0,0,0,9.5,0,0,1
1299,0,3,1,27.0,1,0,14.4542,1,0,0
1300,1,3,0,15.0,1,0,14.4542,1,0,0
1301,0,3,1,45.5,0,0,7.225,1,0,0
1302,0,3,1,29.8811345124283,0,0,7.225,1,0,0
1303,0,3,1,29.8811345124283,0,0,14.4583,1,0,0
1304,0,3,0,14.5,1,0,14.4542,1,0,0
1305,0,3,0,29.8811345124283,1,0,14.4542,1,0,0
1306,0,3,1,26.5,0,0,7.225,1,0,0
1307,0,3,1,27.0,0,0,7.225,1,0,0
1308,0,3,1,29.0,0,0,7.875,0,0,1
